{"cameraMode":{"drawMode":0,"name":"Shaded","section":"Shading Mode"},"sceneLighting":false,"audioPlay":false,"sceneViewState":{"m_AlwaysRefresh":false,"showFog":true,"showSkybox":false,"showFlares":true,"showImageEffects":true,"showParticleSystems":true,"showVisualEffectGraphs":true,"m_FxEnabled":true},"in2DMode":false,"pivot":{"x":1.559999942779541,"y":38.29999923706055,"z":10.672069549560547},"rotation":{"x":0.0008997026598080993,"y":0.9990095496177673,"z":-0.023980826139450074,"w":0.037480417639017108},"size":1.0326908826828004,"orthographic":true}